thisN,thisTrialN,thisRepN,key_resp.keys,key_resp.corr,key_resp.rt,key_resp.duration,tilt,trials.thisRepN,trials.thisTrialN,trials.thisN,trials.thisIndex,thisRow.t,notes,piloting,trial.started,Fixation.started,key_resp.started,Fixation.stopped,trial.stopped,trials.key_resp.keys,trials.key_resp.corr,trials.key_resp.rt,trials.key_resp.duration,trials.tilt,participant,session,date,expName,expVersion,psychopyVersion,frameRate,expStart,
0,0,0,down,1,1.919968800037168,None,-4,0,0,0,0,0.021966499974951148,,False,0.006672399933449924,0.021966499974951148,1.0343940999591723,1.0380280999233946,3.29905469994992,down,1,1.919968800037168,None,-4,031388,001,2026-10-01_10h06.27.692,Single Detection,,2026.2.3,59.87934311110364,2026-10-01 10h06.27.798148 +0530,
1,0,1,up,1,0.8675547000020742,None,0,1,0,1,0,3.303915899945423,,,3.299423399963416,3.303915899945423,4.299621299956925,4.316300799953751,5.183574699913152,up,1,0.8675547000020742,None,0,031388,001,2026-10-01_10h06.27.692,Single Detection,,2026.2.3,59.87934311110364,2026-10-01 10h06.27.798148 +0530,
2,0,2,down,0,0.8978294000262395,None,0,2,0,2,0,5.199271799996495,,,5.18420579994563,5.199271799996495,6.199715099995956,6.199715099995956,7.100655399961397,down,0,0.8978294000262395,None,0,031388,001,2026-10-01_10h06.27.692,Single Detection,,2026.2.3,59.87934311110364,2026-10-01 10h06.27.798148 +0530,
3,0,3,up,0,0.6618167000124231,None,1,3,0,3,0,7.116011600010097,,,7.101495699957013,7.116011600010097,8.116747899912298,8.116747899912298,8.782836999977008,up,0,0.6618167000124231,None,1,031388,001,2026-10-01_10h06.27.692,Single Detection,,2026.2.3,59.87934311110364,2026-10-01 10h06.27.798148 +0530,
4,0,4,up,0,0.9177901999792084,None,2,4,0,4,0,8.798972999909893,,,8.783252599998377,8.798972999909893,9.783066099975258,9.799281199928373,10.71712759998627,up,0,0.9177901999792084,None,2,031388,001,2026-10-01_10h06.27.692,Single Detection,,2026.2.3,59.87934311110364,2026-10-01 10h06.27.798148 +0530,
5,0,5,down,1,0.7816190000157803,None,4,5,0,5,0,10.732883799937554,,,10.717921599978581,10.732883799937554,11.733385999919847,11.733385999919847,12.517598700011149,down,1,0.7816190000157803,None,4,031388,001,2026-10-01_10h06.27.692,Single Detection,,2026.2.3,59.87934311110364,2026-10-01 10h06.27.798148 +0530,
6,0,6,down,0,0.6781922000227496,None,0,6,0,6,0,12.532823799992912,,,12.518282599980012,12.532823799992912,13.533252499997616,13.533252499997616,14.21736799995415,down,0,0.6781922000227496,None,0,031388,001,2026-10-01_10h06.27.692,Single Detection,,2026.2.3,59.87934311110364,2026-10-01 10h06.27.798148 +0530,
7,0,7,down,0,0.5456685000099242,None,0,7,0,7,0,14.232687999960035,,,14.218173899920657,14.232687999960035,15.216789399972185,15.232964099966921,15.767100699944422,down,0,0.5456685000099242,None,0,031388,001,2026-10-01_10h06.27.692,Single Detection,,2026.2.3,59.87934311110364,2026-10-01 10h06.27.798148 +0530,
8,0,8,up,0,0.8377005999209359,None,4,8,0,8,0,15.78266759996768,,,15.767905700020492,15.78266759996768,16.766613799962215,16.783348199911416,17.61621709994506,up,0,0.8377005999209359,None,4,031388,001,2026-10-01_10h06.27.692,Single Detection,,2026.2.3,59.87934311110364,2026-10-01 10h06.27.798148 +0530,
9,0,9,down,1,0.7375558000057936,None,4,9,0,9,0,17.63234269991517,,,17.616626899922267,17.63234269991517,18.61580269993283,18.632410799968056,19.366131199989468,down,1,0.7375558000057936,None,4,031388,001,2026-10-01_10h06.27.692,Single Detection,,2026.2.3,59.87934311110364,2026-10-01 10h06.27.798148 +0530,
10,0,10,down,0,0.5772902000462636,None,0,10,0,10,0,19.382253799936734,,,19.36649819999002,19.382253799936734,20.36630679992959,20.38287259999197,20.949468899983913,down,0,0.5772902000462636,None,0,031388,001,2026-10-01_10h06.27.692,Single Detection,,2026.2.3,59.87934311110364,2026-10-01 10h06.27.798148 +0530,
11,0,11,down,1,1.4200459000421688,None,3,11,0,11,0,20.965649000019766,,,20.94983019994106,20.965649000019766,21.949710899963975,21.96635589993093,23.384503999957815,down,1,1.4200459000421688,None,3,031388,001,2026-10-01_10h06.27.692,Single Detection,,2026.2.3,59.87934311110364,2026-10-01 10h06.27.798148 +0530,
12,0,12,down,0,0.6560031000990421,None,0,12,0,12,0,23.399856699979864,,,23.385205199941993,23.399856699979864,24.399834099924192,24.399834099924192,25.06744249991607,down,0,0.6560031000990421,None,0,031388,001,2026-10-01_10h06.27.692,Single Detection,,2026.2.3,59.87934311110364,2026-10-01 10h06.27.798148 +0530,
13,0,13,down,0,0.5561029999516904,None,0,13,0,13,0,25.082792999921367,,,25.068168699974194,25.082792999921367,26.06625119992532,26.0830223999219,26.63394819991663,down,0,0.5561029999516904,None,0,031388,001,2026-10-01_10h06.27.692,Single Detection,,2026.2.3,59.87934311110364,2026-10-01 10h06.27.798148 +0530,
14,0,14,down,0,0.48252469999715686,None,0,14,0,14,0,26.649861000012606,,,26.634694200009108,26.649861000012606,27.649948699981906,27.649948699981906,28.1340368000092,down,0,0.48252469999715686,None,0,031388,001,2026-10-01_10h06.27.692,Single Detection,,2026.2.3,59.87934311110364,2026-10-01 10h06.27.798148 +0530,
15,0,15,up,0,0.9001925999764353,None,-2,15,0,15,0,28.149651699932292,,,28.134851799928583,28.149651699932292,29.14924910000991,29.14924910000991,30.05125030002091,up,0,0.9001925999764353,None,-2,031388,001,2026-10-01_10h06.27.692,Single Detection,,2026.2.3,59.87934311110364,2026-10-01 10h06.27.798148 +0530,
16,0,16,down,0,0.6190124000422657,None,0,16,0,16,0,30.06622699997388,,,30.052049699937925,30.06622699997388,31.066034400020726,31.066034400020726,31.700572600006126,down,0,0.6190124000422657,None,0,031388,001,2026-10-01_10h06.27.692,Single Detection,,2026.2.3,59.87934311110364,2026-10-01 10h06.27.798148 +0530,
17,0,17,down,1,0.4719485000241548,None,1,17,0,17,0,31.716048799920827,,,31.701953599927947,31.716048799920827,32.71674239996355,32.71674239996355,33.20056609995663,down,1,0.4719485000241548,None,1,031388,001,2026-10-01_10h06.27.692,Single Detection,,2026.2.3,59.87934311110364,2026-10-01 10h06.27.798148 +0530,
18,0,18,up,1,0.9452277000527829,None,0,18,0,18,0,33.216792099992745,,,33.2014460999053,33.216792099992745,34.21629839995876,34.21629839995876,35.16718809993472,up,1,0.9452277000527829,None,0,031388,001,2026-10-01_10h06.27.692,Single Detection,,2026.2.3,59.87934311110364,2026-10-01 10h06.27.798148 +0530,
19,0,19,down,0,0.7617811999516562,None,0,19,0,19,0,35.18324980000034,,,35.16823609999847,35.18324980000034,36.166173700010404,36.18321239994839,36.93338549998589,down,0,0.7617811999516562,None,0,031388,001,2026-10-01_10h06.27.692,Single Detection,,2026.2.3,59.87934311110364,2026-10-01 10h06.27.798148 +0530,
20,0,20,down,0,0.5828708000481129,None,0,20,0,20,0,36.9496287999209,,,36.933858299977146,36.9496287999209,37.93317209999077,37.949663499952294,38.53340539999772,down,0,0.5828708000481129,None,0,031388,001,2026-10-01_10h06.27.692,Single Detection,,2026.2.3,59.87934311110364,2026-10-01 10h06.27.798148 +0530,
21,0,21,down,0,0.7041044000070542,None,0,21,0,21,0,38.54951989999972,,,38.533873899956234,38.54951989999972,39.53299929993227,39.54953179997392,40.25087019999046,down,0,0.7041044000070542,None,0,031388,001,2026-10-01_10h06.27.692,Single Detection,,2026.2.3,59.87934311110364,2026-10-01 10h06.27.798148 +0530,
22,0,22,up,0,0.754504399956204,None,4,22,0,22,0,40.26608229998965,,,40.25184949999675,40.26608229998965,41.26644779997878,41.26644779997878,42.032971299951896,up,0,0.754504399956204,None,4,031388,001,2026-10-01_10h06.27.692,Single Detection,,2026.2.3,59.87934311110364,2026-10-01 10h06.27.798148 +0530,
23,0,23,down,0,0.7195590999908745,None,0,23,0,23,0,42.049429600010626,,,42.033394199912436,42.049429600010626,43.03334909991827,43.049877999932505,43.767585299909115,down,0,0.7195590999908745,None,0,031388,001,2026-10-01_10h06.27.692,Single Detection,,2026.2.3,59.87934311110364,2026-10-01 10h06.27.798148 +0530,
24,0,24,down,0,0.7334227999672294,None,0,24,0,24,0,43.783201699960046,,,43.76866219996009,43.783201699960046,44.783451800001785,44.783451800001785,45.53393379994668,down,0,0.7334227999672294,None,0,031388,001,2026-10-01_10h06.27.692,Single Detection,,2026.2.3,59.87934311110364,2026-10-01 10h06.27.798148 +0530,
25,0,25,down,1,0.8552991999313235,None,1,25,0,25,0,45.54937129991595,,,45.53474659996573,45.54937129991595,46.549826900009066,46.549826900009066,47.416923100012355,down,1,0.8552991999313235,None,1,031388,001,2026-10-01_10h06.27.692,Single Detection,,2026.2.3,59.87934311110364,2026-10-01 10h06.27.798148 +0530,
26,0,26,down,1,0.13989009999204427,None,-3,26,0,26,0,47.43310599995311,,,47.41767809994053,47.43310599995311,48.416475099977106,48.433350099949166,48.56751419999637,down,1,0.13989009999204427,None,-3,031388,001,2026-10-01_10h06.27.692,Single Detection,,2026.2.3,59.87934311110364,2026-10-01 10h06.27.798148 +0530,
27,0,27,down,1,0.20085570006631315,None,2,27,0,27,0,48.58281239995267,,,48.568344999919645,48.58281239995267,49.58320519991685,49.58320519991685,49.80082100001164,down,1,0.20085570006631315,None,2,031388,001,2026-10-01_10h06.27.692,Single Detection,,2026.2.3,59.87934311110364,2026-10-01 10h06.27.798148 +0530,
28,0,28,down,0,0.10221330006606877,None,0,28,0,28,0,49.81623719993513,,,49.80143519991543,49.81623719993513,50.81670819991268,50.81670819991268,50.93373009993229,down,0,0.10221330006606877,None,0,031388,001,2026-10-01_10h06.27.692,Single Detection,,2026.2.3,59.87934311110364,2026-10-01 10h06.27.798148 +0530,
29,0,29,down,1,0.10221679997630417,None,0,29,0,29,0,50.949494599946775,,,50.93446529994253,50.949494599946775,51.93341800000053,51.95018329995219,52.05142359994352,down,1,0.10221679997630417,None,0,031388,001,2026-10-01_10h06.27.692,Single Detection,,2026.2.3,59.87934311110364,2026-10-01 10h06.27.798148 +0530,
30,0,30,down,0,0.20270070002879947,None,0,30,0,30,0,52.06650339998305,,,52.05215939995833,52.06650339998305,53.066709699924104,53.066709699924104,53.283754499978386,down,0,0.20270070002879947,None,0,031388,001,2026-10-01_10h06.27.692,Single Detection,,2026.2.3,59.87934311110364,2026-10-01 10h06.27.798148 +0530,
31,0,31,down,0,0.039549199980683625,None,0,31,0,31,0,53.29906479991041,,,53.28436759999022,53.29906479991041,54.29963879997376,54.29963879997376,54.35098569991533,down,0,0.039549199980683625,None,0,031388,001,2026-10-01_10h06.27.692,Single Detection,,2026.2.3,59.87934311110364,2026-10-01 10h06.27.798148 +0530,
32,0,32,down,0,0.06717519997619092,None,0,32,0,32,0,54.36632169992663,,,54.35161899996456,54.36632169992663,55.36685899994336,55.36685899994336,55.45087359996978,down,0,0.06717519997619092,None,0,031388,001,2026-10-01_10h06.27.692,Single Detection,,2026.2.3,59.87934311110364,2026-10-01 10h06.27.798148 +0530,
33,0,33,down,0,0.048136499943211675,None,0,33,0,33,0,55.466385199921206,,,55.45159860001877,55.466385199921206,56.466826000018045,56.466826000018045,56.518065899959765,down,0,0.048136499943211675,None,0,031388,001,2026-10-01_10h06.27.692,Single Detection,,2026.2.3,59.87934311110364,2026-10-01 10h06.27.798148 +0530,
34,0,34,down,1,0.03055959998164326,None,-3,34,0,34,0,56.53309649997391,,,56.5189006999135,56.53309649997391,57.53300619998481,57.53300619998481,57.56723739998415,down,1,0.03055959998164326,None,-3,031388,001,2026-10-01_10h06.27.692,Single Detection,,2026.2.3,59.87934311110364,2026-10-01 10h06.27.798148 +0530,
35,0,35,down,0,0.40312519995495677,None,0,35,0,35,0,57.58337000000756,,,57.567981599946506,57.58337000000756,58.56643289991189,58.583650999935344,58.98431669990532,down,0,0.40312519995495677,None,0,031388,001,2026-10-01_10h06.27.692,Single Detection,,2026.2.3,59.87934311110364,2026-10-01 10h06.27.798148 +0530,
36,0,36,down,1,0.5510360000189394,None,1,36,0,36,0,58.9997523999773,,,58.985165099962614,58.9997523999773,60.00045399996452,60.00045399996452,60.56694859999698,down,1,0.5510360000189394,None,1,031388,001,2026-10-01_10h06.27.692,Single Detection,,2026.2.3,59.87934311110364,2026-10-01 10h06.27.798148 +0530,
37,0,37,down,1,0.575549199944362,None,-1,37,0,37,0,60.58317310002167,,,60.56761899997946,60.58317310002167,61.56620040000416,61.58303400001023,62.15075499995146,down,1,0.575549199944362,None,-1,031388,001,2026-10-01_10h06.27.692,Single Detection,,2026.2.3,59.87934311110364,2026-10-01 10h06.27.798148 +0530,
38,0,38,down,1,0.29432600003201514,None,3,38,0,38,0,62.16644719999749,,,62.15158019994851,62.16644719999749,63.1664921999909,63.1664921999909,63.467534499941394,down,1,0.29432600003201514,None,3,031388,001,2026-10-01_10h06.27.692,Single Detection,,2026.2.3,59.87934311110364,2026-10-01 10h06.27.798148 +0530,
39,0,39,down,1,0.558722999994643,None,-4,39,0,39,0,63.4833625999745,,,63.46832759992685,63.4833625999745,64.48352359991986,64.48352359991986,65.05095399997663,down,1,0.558722999994643,None,-4,031388,001,2026-10-01_10h06.27.692,Single Detection,,2026.2.3,59.87934311110364,2026-10-01 10h06.27.798148 +0530,
40,0,40,down,0,0.6008202000521123,None,0,40,0,40,0,65.06638819992077,,,65.05167820001952,65.06638819992077,66.06689639994875,66.06689639994875,66.6834547999315,down,0,0.6008202000521123,None,0,031388,001,2026-10-01_10h06.27.692,Single Detection,,2026.2.3,59.87934311110364,2026-10-01 10h06.27.798148 +0530,
41,0,41,down,1,0.6548038999317214,None,4,41,0,41,0,66.69944829994347,,,66.68391469994094,66.69944829994347,67.68306599999778,67.69969439995475,68.35087550000753,down,1,0.6548038999317214,None,4,031388,001,2026-10-01_10h06.27.692,Single Detection,,2026.2.3,59.87934311110364,2026-10-01 10h06.27.798148 +0530,
42,0,42,down,0,0.43547329993452877,None,0,42,0,42,0,68.36641159991268,,,68.35172499995679,68.36641159991268,69.36670659994707,69.36670659994707,69.81797699991148,down,0,0.43547329993452877,None,0,031388,001,2026-10-01_10h06.27.692,Single Detection,,2026.2.3,59.87934311110364,2026-10-01 10h06.27.798148 +0530,
43,0,43,down,1,0.6851118999766186,None,0,43,0,43,0,69.83356199995615,,,69.81877929996699,69.83356199995615,70.83319729997311,70.83319729997311,71.53396619996056,down,1,0.6851118999766186,None,0,031388,001,2026-10-01_10h06.27.692,Single Detection,,2026.2.3,59.87934311110364,2026-10-01 10h06.27.798148 +0530,
44,0,44,down,0,0.7088066000724211,None,0,44,0,44,0,71.54984370002057,,,71.53468319994863,71.54984370002057,72.54998499993235,72.54998499993235,73.2664893999463,down,0,0.7088066000724211,None,0,031388,001,2026-10-01_10h06.27.692,Single Detection,,2026.2.3,59.87934311110364,2026-10-01 10h06.27.798148 +0530,
45,0,45,down,0,0.965704399975948,None,0,45,0,45,0,73.28255699994043,,,73.26688559993636,73.28255699994043,74.26650239992887,74.28308600001037,75.2342181999702,down,0,0.965704399975948,None,0,031388,001,2026-10-01_10h06.27.692,Single Detection,,2026.2.3,59.87934311110364,2026-10-01 10h06.27.798148 +0530,
46,0,46,down,0,0.6586689000250772,None,0,46,0,46,0,75.24966560001485,,,75.23497400002088,75.24966560001485,76.25034579995554,76.25034579995554,76.9177249999484,down,0,0.6586689000250772,None,0,031388,001,2026-10-01_10h06.27.692,Single Detection,,2026.2.3,59.87934311110364,2026-10-01 10h06.27.798148 +0530,
47,0,47,up,0,0.7834919000742957,None,-2,47,0,47,0,76.93338810000569,,,76.9185276000062,76.93338810000569,77.9330480999779,77.9330480999779,78.73305049992632,up,0,0.7834919000742957,None,-2,031388,001,2026-10-01_10h06.27.692,Single Detection,,2026.2.3,59.87934311110364,2026-10-01 10h06.27.798148 +0530,
48,0,48,down,1,0.5814421999966726,None,-5,48,0,48,0,78.74924659996759,,,78.73345579998568,78.74924659996759,79.7326277999673,79.74937079998199,80.31611259991769,down,1,0.5814421999966726,None,-5,031388,001,2026-10-01_10h06.27.692,Single Detection,,2026.2.3,59.87934311110364,2026-10-01 10h06.27.798148 +0530,
49,0,49,down,0,0.7924855999881402,None,0,49,0,49,0,80.33292259997688,,,80.3163382000057,80.33292259997688,81.3157707999926,81.33280019997619,82.11645809991751,down,0,0.7924855999881402,None,0,031388,001,2026-10-01_10h06.27.692,Single Detection,,2026.2.3,59.87934311110364,2026-10-01 10h06.27.798148 +0530,
50,0,50,up,0,0.9105534000555053,None,-2,50,0,50,0,82.13255609991029,,,82.11689559998922,82.13255609991029,83.11600619996898,83.13289130001795,84.03323119995184,up,0,0.9105534000555053,None,-2,031388,001,2026-10-01_10h06.27.692,Single Detection,,2026.2.3,59.87934311110364,2026-10-01 10h06.27.798148 +0530,
51,0,51,down,0,0.6846786000533029,None,0,51,0,51,0,84.04932789993472,,,84.03363479999825,84.04932789993472,85.03323659999296,85.05008529999759,85.733289900003,down,0,0.6846786000533029,None,0,031388,001,2026-10-01_10h06.27.692,Single Detection,,2026.2.3,59.87934311110364,2026-10-01 10h06.27.798148 +0530,
52,0,52,down,0,1.0738177000312135,None,0,52,0,52,0,85.7494902999606,,,85.73374850000255,85.7494902999606,86.73297359992284,86.74973069992848,87.81760579999536,down,0,1.0738177000312135,None,0,031388,001,2026-10-01_10h06.27.692,Single Detection,,2026.2.3,59.87934311110364,2026-10-01 10h06.27.798148 +0530,
53,0,53,up,0,0.90141249995213,None,3,53,0,53,0,87.83324969990645,,,87.81837629992515,87.83324969990645,88.83352290000767,88.83352290000767,89.75092809996568,up,0,0.90141249995213,None,3,031388,001,2026-10-01_10h06.27.692,Single Detection,,2026.2.3,59.87934311110364,2026-10-01 10h06.27.798148 +0530,
54,0,54,down,1,0.8110419000731781,None,-5,54,0,54,0,89.76640249998309,,,89.7516948999837,89.76640249998309,90.76674859994091,90.76674859994091,91.58441999997012,down,1,0.8110419000731781,None,-5,031388,001,2026-10-01_10h06.27.692,Single Detection,,2026.2.3,59.87934311110364,2026-10-01 10h06.27.798148 +0530,
55,0,55,up,1,1.042301999987103,None,0,55,0,55,0,91.60008919995744,,,91.58519379992504,91.60008919995744,92.59996539994609,92.59996539994609,93.64996339997742,up,1,1.042301999987103,None,0,031388,001,2026-10-01_10h06.27.692,Single Detection,,2026.2.3,59.87934311110364,2026-10-01 10h06.27.798148 +0530,
56,0,56,down,1,0.5348110999912024,None,-5,56,0,56,0,93.66623540001456,,,93.65056749992073,93.66623540001456,94.6501592999557,94.66658979991917,95.20101139997132,down,1,0.5348110999912024,None,-5,031388,001,2026-10-01_10h06.27.692,Single Detection,,2026.2.3,59.87934311110364,2026-10-01 10h06.27.798148 +0530,
57,0,57,down,1,0.484133500023745,None,3,57,0,57,0,95.21641589992214,,,95.2018328999402,95.21641589992214,96.21630630001891,96.21630630001891,96.71759339992423,down,1,0.484133500023745,None,3,031388,001,2026-10-01_10h06.27.692,Single Detection,,2026.2.3,59.87934311110364,2026-10-01 10h06.27.798148 +0530,
58,0,58,down,0,0.5934998999582604,None,0,58,0,58,0,96.73343389993533,,,96.71832119999453,96.73343389993533,97.71681589994114,97.73358190001454,98.3170444999123,down,0,0.5934998999582604,None,0,031388,001,2026-10-01_10h06.27.692,Single Detection,,2026.2.3,59.87934311110364,2026-10-01 10h06.27.798148 +0530,
59,0,59,down,1,0.5449481999967247,None,-1,59,0,59,0,98.33297270000912,,,98.31774909992237,98.33297270000912,99.31692090001889,99.33339529996738,99.86774629994761,down,1,0.5449481999967247,None,-1,031388,001,2026-10-01_10h06.27.692,Single Detection,,2026.2.3,59.87934311110364,2026-10-01 10h06.27.798148 +0530,
60,0,60,down,0,0.8991525999736041,None,0,60,0,60,0,99.88302129996009,,,99.86849109991454,99.88302129996009,100.86655249993782,100.883227000013,101.76765569997951,down,0,0.8991525999736041,None,0,031388,001,2026-10-01_10h06.27.692,Single Detection,,2026.2.3,59.87934311110364,2026-10-01 10h06.27.798148 +0530,
61,0,61,down,0,0.9566331999376416,None,0,61,0,61,0,101.7831122999778,,,101.76838179992046,101.7831122999778,102.7835449000122,102.7835449000122,103.75108590000309,down,0,0.9566331999376416,None,0,031388,001,2026-10-01_10h06.27.692,Single Detection,,2026.2.3,59.87934311110364,2026-10-01 10h06.27.798148 +0530,
62,0,62,down,1,0.4250485000666231,None,-1,62,0,62,0,103.76644119992852,,,103.75186239997856,103.76644119992852,104.75030169996899,104.76711909996811,105.18445119995158,down,1,0.4250485000666231,None,-1,031388,001,2026-10-01_10h06.27.692,Single Detection,,2026.2.3,59.87934311110364,2026-10-01 10h06.27.798148 +0530,
63,0,63,down,0,0.7635119999758899,None,0,63,0,63,0,105.2000608999515,,,105.1851993999444,105.2000608999515,106.1998960999772,106.1998960999772,106.9676891999552,down,0,0.7635119999758899,None,0,031388,001,2026-10-01_10h06.27.692,Single Detection,,2026.2.3,59.87934311110364,2026-10-01 10h06.27.798148 +0530,
64,0,64,down,0,0.8688646999653429,None,0,64,0,64,0,106.98300949996337,,,106.96837399993092,106.98300949996337,107.9833162999712,107.9833162999712,108.86707939999178,down,0,0.8688646999653429,None,0,031388,001,2026-10-01_10h06.27.692,Single Detection,,2026.2.3,59.87934311110364,2026-10-01 10h06.27.798148 +0530,
65,0,65,down,1,0.8000697999959812,None,-1,65,0,65,0,108.8832830999745,,,108.86780140001792,108.8832830999745,109.86687149992213,109.88370439992286,110.68337609991431,down,1,0.8000697999959812,None,-1,031388,001,2026-10-01_10h06.27.692,Single Detection,,2026.2.3,59.87934311110364,2026-10-01 10h06.27.798148 +0530,
66,0,66,down,0,0.3135121000232175,None,0,66,0,66,0,110.69976529991254,,,110.68373199994676,110.69976529991254,111.68348150001839,111.70023279997986,112.00086259993259,down,0,0.3135121000232175,None,0,031388,001,2026-10-01_10h06.27.692,Single Detection,,2026.2.3,59.87934311110364,2026-10-01 10h06.27.798148 +0530,
67,0,67,down,0,0.38373140001203865,None,0,67,0,67,0,112.01648959994782,,,112.0016353999963,112.01648959994782,113.01680569991004,113.01680569991004,113.41775519994553,down,0,0.38373140001203865,None,0,031388,001,2026-10-01_10h06.27.692,Single Detection,,2026.2.3,59.87934311110364,2026-10-01 10h06.27.798148 +0530,
68,0,68,down,1,0.3342805999564007,None,0,68,0,68,0,113.43320859991945,,,113.4185884000035,113.43320859991945,114.43355419998989,114.43355419998989,114.78436729998793,down,1,0.3342805999564007,None,0,031388,001,2026-10-01_10h06.27.692,Single Detection,,2026.2.3,59.87934311110364,2026-10-01 10h06.27.798148 +0530,
69,0,69,down,1,0.2531606999691576,None,-2,69,0,69,0,114.79982879990712,,,114.78518429992255,114.79982879990712,115.80013989994768,115.80013989994768,116.06778689997736,down,1,0.2531606999691576,None,-2,031388,001,2026-10-01_10h06.27.692,Single Detection,,2026.2.3,59.87934311110364,2026-10-01 10h06.27.798148 +0530,
70,0,70,down,0,0.2561778000090271,None,0,70,0,70,0,116.08310279995203,,,116.06849279999733,116.08310279995203,117.08319539995864,117.08319539995864,117.35101029998623,down,0,0.2561778000090271,None,0,031388,001,2026-10-01_10h06.27.692,Single Detection,,2026.2.3,59.87934311110364,2026-10-01 10h06.27.798148 +0530,
71,0,71,down,1,0.2691929000429809,None,-4,71,0,71,0,117.36650429992005,,,117.35183559998404,117.36650429992005,118.36721669998951,118.36721669998951,118.6514619999798,down,1,0.2691929000429809,None,-4,031388,001,2026-10-01_10h06.27.692,Single Detection,,2026.2.3,59.87934311110364,2026-10-01 10h06.27.798148 +0530,
72,0,72,down,0,0.26495099999010563,None,0,72,0,72,0,118.6668319000164,,,118.65217519993894,118.6668319000164,119.66692639992107,119.66692639992107,119.93457990000024,down,0,0.26495099999010563,None,0,031388,001,2026-10-01_10h06.27.692,Single Detection,,2026.2.3,59.87934311110364,2026-10-01 10h06.27.798148 +0530,
73,0,73,down,0,0.306228099972941,None,0,73,0,73,0,119.94976769993082,,,119.93532189994585,119.94976769993082,120.95020379999187,120.95020379999187,121.26751769997645,down,0,0.306228099972941,None,0,031388,001,2026-10-01_10h06.27.692,Single Detection,,2026.2.3,59.87934311110364,2026-10-01 10h06.27.798148 +0530,
74,0,74,down,1,0.2703654000069946,None,-4,74,0,74,0,121.28302360000089,,,121.26830200001132,121.28302360000089,122.26658269995824,122.28358029993251,122.55028490000404,down,1,0.2703654000069946,None,-4,031388,001,2026-10-01_10h06.27.692,Single Detection,,2026.2.3,59.87934311110364,2026-10-01 10h06.27.798148 +0530,
75,0,75,down,0,0.24390609993133694,None,0,75,0,75,0,122.56630159995984,,,122.55064289993607,122.56630159995984,123.56645449995995,123.56645449995995,123.81779899995308,down,0,0.24390609993133694,None,0,031388,001,2026-10-01_10h06.27.692,Single Detection,,2026.2.3,59.87934311110364,2026-10-01 10h06.27.798148 +0530,
76,0,76,down,0,0.3296495999675244,None,0,76,0,76,0,123.83315469999798,,,123.81857220001984,123.83315469999798,124.83344600000419,124.83344600000419,125.16765239997767,down,0,0.3296495999675244,None,0,031388,001,2026-10-01_10h06.27.692,Single Detection,,2026.2.3,59.87934311110364,2026-10-01 10h06.27.798148 +0530,
77,0,77,down,1,0.2798225999576971,None,-4,77,0,77,0,125.18324559996836,,,125.16846889990848,125.18324559996836,126.18377030000556,126.18377030000556,126.46771160000935,down,1,0.2798225999576971,None,-4,031388,001,2026-10-01_10h06.27.692,Single Detection,,2026.2.3,59.87934311110364,2026-10-01 10h06.27.798148 +0530,
78,0,78,down,0,0.28547740005888045,None,0,78,0,78,0,126.48311589995865,,,126.46832430001814,126.48311589995865,127.48373959993478,127.48373959993478,127.78487709991168,down,0,0.28547740005888045,None,0,031388,001,2026-10-01_10h06.27.692,Single Detection,,2026.2.3,59.87934311110364,2026-10-01 10h06.27.798148 +0530,
79,0,79,down,0,0.33342169993557036,None,0,79,0,79,0,127.80025739991106,,,127.78563860000577,127.80025739991106,128.7999315999914,128.7999315999914,129.13448070001323,down,0,0.33342169993557036,None,0,031388,001,2026-10-01_10h06.27.692,Single Detection,,2026.2.3,59.87934311110364,2026-10-01 10h06.27.798148 +0530,
80,0,80,down,1,0.27856219990644604,None,-2,80,0,80,0,129.1498605000088,,,129.1353088999167,129.1498605000088,130.15002669999376,130.15002669999376,130.43374759994913,down,1,0.27856219990644604,None,-2,031388,001,2026-10-01_10h06.27.692,Single Detection,,2026.2.3,59.87934311110364,2026-10-01 10h06.27.798148 +0530,
81,0,81,down,1,0.29511349997483194,None,-5,81,0,81,0,130.44952409993857,,,130.43409029999748,130.44952409993857,131.4333270000061,131.4502781999763,131.73422599991318,down,1,0.29511349997483194,None,-5,031388,001,2026-10-01_10h06.27.692,Single Detection,,2026.2.3,59.87934311110364,2026-10-01 10h06.27.798148 +0530,
82,0,82,down,1,0.2984422000590712,None,4,82,0,82,0,131.749897499918,,,131.73499689996243,131.749897499918,132.73383779998403,132.7502195999259,133.03348400001414,down,1,0.2984422000590712,None,4,031388,001,2026-10-01_10h06.27.692,Single Detection,,2026.2.3,59.87934311110364,2026-10-01 10h06.27.798148 +0530,
83,0,83,down,0,0.2520878999494016,None,0,83,0,83,0,133.04971679998562,,,133.03389219997916,133.04971679998562,134.03374729992356,134.0504842000082,134.30117109999992,down,0,0.2520878999494016,None,0,031388,001,2026-10-01_10h06.27.692,Single Detection,,2026.2.3,59.87934311110364,2026-10-01 10h06.27.798148 +0530,
84,0,84,down,0,0.27045960002578795,None,0,84,0,84,0,134.31656549999025,,,134.30189359991346,134.31656549999025,135.31707979994826,135.31707979994826,135.60056930000428,down,0,0.27045960002578795,None,0,031388,001,2026-10-01_10h06.27.692,Single Detection,,2026.2.3,59.87934311110364,2026-10-01 10h06.27.798148 +0530,
85,0,85,down,1,0.26578240003436804,None,3,85,0,85,0,135.61637880001217,,,135.60104189999402,135.61637880001217,136.60029480000958,136.61697139998432,136.86800109990872,down,1,0.26578240003436804,None,3,031388,001,2026-10-01_10h06.27.692,Single Detection,,2026.2.3,59.87934311110364,2026-10-01 10h06.27.798148 +0530,
86,0,86,down,0,0.24694970005657524,None,0,86,0,86,0,136.88332749996334,,,136.8687731999671,136.88332749996334,137.88314759999048,137.88314759999048,138.13427909999155,down,0,0.24694970005657524,None,0,031388,001,2026-10-01_10h06.27.692,Single Detection,,2026.2.3,59.87934311110364,2026-10-01 10h06.27.798148 +0530,
87,0,87,down,1,0.2887504999525845,None,-1,87,0,87,0,138.1497018999653,,,138.13506279990543,138.1497018999653,139.1503421999514,139.1503421999514,139.45135649992153,down,1,0.2887504999525845,None,-1,031388,001,2026-10-01_10h06.27.692,Single Detection,,2026.2.3,59.87934311110364,2026-10-01 10h06.27.798148 +0530,
88,0,88,down,1,0.2995035999920219,None,-2,88,0,88,0,139.46660779998638,,,139.45217880001292,139.46660779998638,140.46711729990784,140.46711729990784,140.76785930001643,down,1,0.2995035999920219,None,-2,031388,001,2026-10-01_10h06.27.692,Single Detection,,2026.2.3,59.87934311110364,2026-10-01 10h06.27.798148 +0530,
89,0,89,down,0,0.32852310000453144,None,0,89,0,89,0,140.78316320001613,,,140.76845789991785,140.78316320001613,141.78380009997636,141.78380009997636,142.11816589999944,down,0,0.32852310000453144,None,0,031388,001,2026-10-01_10h06.27.692,Single Detection,,2026.2.3,59.87934311110364,2026-10-01 10h06.27.798148 +0530,
90,0,90,down,1,0.4082337999716401,None,1,90,0,90,0,142.1330593000166,,,142.11895599996205,142.1330593000166,143.13318829995114,143.13318829995114,143.55063199996948,down,1,0.4082337999716401,None,1,031388,001,2026-10-01_10h06.27.692,Single Detection,,2026.2.3,59.87934311110364,2026-10-01 10h06.27.798148 +0530,
91,0,91,down,1,0.3198411000194028,None,2,91,0,91,0,143.56681879993994,,,143.55134559993166,143.56681879993994,144.5498836999759,144.5667942999862,144.8845997999888,down,1,0.3198411000194028,None,2,031388,001,2026-10-01_10h06.27.692,Single Detection,,2026.2.3,59.87934311110364,2026-10-01 10h06.27.798148 +0530,
92,0,92,up,0,0.5762834999477491,None,0,92,0,92,0,144.90028469997924,,,144.88538230000995,144.90028469997924,145.89982769999187,145.89982769999187,146.4853425999172,up,0,0.5762834999477491,None,0,031388,001,2026-10-01_10h06.27.692,Single Detection,,2026.2.3,59.87934311110364,2026-10-01 10h06.27.798148 +0530,
93,0,93,up,0,0.8487714000511914,None,2,93,0,93,0,146.50004389998503,,,146.4861831999151,146.50004389998503,147.49957029998768,147.49957029998768,148.35127849993296,up,0,0.8487714000511914,None,2,031388,001,2026-10-01_10h06.27.692,Single Detection,,2026.2.3,59.87934311110364,2026-10-01 10h06.27.798148 +0530,
94,0,94,down,1,0.5080577000044286,None,1,94,0,94,0,148.36650689993985,,,148.35208599991165,148.36650689993985,149.36714240000583,149.36714240000583,149.88414599990938,down,1,0.5080577000044286,None,1,031388,001,2026-10-01_10h06.27.692,Single Detection,,2026.2.3,59.87934311110364,2026-10-01 10h06.27.798148 +0530,
95,0,95,up,1,0.6983364999759942,None,0,95,0,95,0,149.90018759993836,,,149.88485159992706,149.90018759993836,150.88374740001746,150.90043009992223,151.58467999997083,up,1,0.6983364999759942,None,0,031388,001,2026-10-01_10h06.27.692,Single Detection,,2026.2.3,59.87934311110364,2026-10-01 10h06.27.798148 +0530,
96,0,96,up,1,0.8564369999803603,None,0,96,0,96,0,151.59996969997883,,,151.58539479994215,151.59996969997883,152.60060419992078,152.60060419992078,153.46765020000748,up,1,0.8564369999803603,None,0,031388,001,2026-10-01_10h06.27.692,Single Detection,,2026.2.3,59.87934311110364,2026-10-01 10h06.27.798148 +0530,
97,0,97,up,1,0.7456652999389917,None,0,97,0,97,0,153.48343549994752,,,153.46831079991534,153.48343549994752,154.46698659996036,154.48344799992628,155.21758970001247,up,1,0.7456652999389917,None,0,031388,001,2026-10-01_10h06.27.692,Single Detection,,2026.2.3,59.87934311110364,2026-10-01 10h06.27.798148 +0530,
98,0,98,down,1,1.2077903000172228,None,1,98,0,98,0,155.2332023999188,,,155.21829140000045,155.2332023999188,156.21652050002012,156.23372929997277,157.4337846999988,down,1,1.2077903000172228,None,1,031388,001,2026-10-01_10h06.27.692,Single Detection,,2026.2.3,59.87934311110364,2026-10-01 10h06.27.798148 +0530,
99,0,99,down,1,0.714923300081864,None,-4,99,0,99,0,157.45027299993671,,,157.43429819995072,157.45027299993671,158.43336039991118,158.45050299994182,159.15083990001585,down,1,0.714923300081864,None,-4,031388,001,2026-10-01_10h06.27.692,Single Detection,,2026.2.3,59.87934311110364,2026-10-01 10h06.27.798148 +0530,
