Stair.thisTrialN,Stair.stepSize,Stair.intensity,thisRow.t,notes,piloting,trial.started,fixation.started,grating.started,key_resp.started,fixation.stopped,grating.stopped,trial.stopped,corrAns,tilt,key_resp.corr,Stair.response,key_resp.rt,participant,session,date,expName,expVersion,psychopyVersion,frameRate,expStart,
0,2,10,0.030266900081187487,,False,0.014448400004766881,0.030266900081187487,0.5353743999730796,0.5353743999730796,0.5481547000817955,0.8480424999725074,5.28373540006578,right,10,1,1,4.5821049000369385,833159,001,2026-09-28_21h43.55.313,Palak_Jain_AdaptiveStaircase,,2026.2.3,59.04418099717026,2026-09-28 21h43.55.389405 +0530,
1,2,8,5.295968500082381,,,5.2838903000811115,5.295968500082381,5.7988014000002295,5.7988014000002295,5.7988014000002295,6.098128600046039,7.099613100057468,left,-8,1,1,1.2850964000681415,833159,001,2026-09-28_21h43.55.313,Palak_Jain_AdaptiveStaircase,,2026.2.3,59.04418099717026,2026-09-28 21h43.55.389405 +0530,
2,2,6,7.113946400000714,,,7.100069100037217,7.113946400000714,7.615862200036645,7.615862200036645,7.615862200036645,7.913953199982643,8.466221100068651,left,-6,1,1,0.8490524999797344,833159,001,2026-09-28_21h43.55.313,Palak_Jain_AdaptiveStaircase,,2026.2.3,59.04418099717026,2026-09-28 21h43.55.389405 +0530,
3,2,4,8.481517600012012,,,8.466680900077336,8.481517600012012,8.980435500037856,8.980435500037856,8.998608800000511,9.282474800013006,9.733829700038768,left,-4,1,1,0.7498629000037909,833159,001,2026-09-28_21h43.55.313,Palak_Jain_AdaptiveStaircase,,2026.2.3,59.04418099717026,2026-09-28 21h43.55.389405 +0530,
4,2,2,9.749003499979153,,,9.73431900003925,9.749003499979153,10.247750099981204,10.247750099981204,10.247750099981204,10.548840700066648,10.882289799978025,left,-2,1,1,0.6319564000004902,833159,001,2026-09-28_21h43.55.313,Palak_Jain_AdaptiveStaircase,,2026.2.3,59.04418099717026,2026-09-28 21h43.55.389405 +0530,
5,1,1,10.897329200059175,,,10.882584700011648,10.897329200059175,11.396782799973153,11.396782799973153,11.396782799973153,11.697993600042537,12.28138330008369,right,1,0,0,0.8712450000457466,833159,001,2026-09-28_21h43.55.313,Palak_Jain_AdaptiveStaircase,,2026.2.3,59.04418099717026,2026-09-28 21h43.55.389405 +0530,
6,1,2,12.29720739996992,,,12.281633700011298,12.29720739996992,12.78026500006672,12.78026500006672,12.796848800033331,13.082002200069837,13.464696899987757,right,2,1,1,0.6775430000852793,833159,001,2026-09-28_21h43.55.313,Palak_Jain_AdaptiveStaircase,,2026.2.3,59.04418099717026,2026-09-28 21h43.55.389405 +0530,
7,1,2,13.481654900009744,,,13.464989500003867,13.481654900009744,13.964661600068212,13.964661600068212,13.982434000005014,14.265365800005384,14.849770299973898,right,2,1,1,0.8767084000864998,833159,001,2026-09-28_21h43.55.313,Palak_Jain_AdaptiveStaircase,,2026.2.3,59.04418099717026,2026-09-28 21h43.55.389405 +0530,
8,1,2,14.865650700055994,,,14.850250600022264,14.865650700055994,15.349634499987587,15.349634499987587,15.36564700002782,15.648338500061072,15.848724800045602,left,-2,1,1,0.4831090000225231,833159,001,2026-09-28_21h43.55.313,Palak_Jain_AdaptiveStaircase,,2026.2.3,59.04418099717026,2026-09-28 21h43.55.389405 +0530,
9,1,1,15.864618099993095,,,15.849008399993181,15.864618099993095,16.35015700000804,16.35015700000804,16.36538880004082,16.665668400004506,17.016630599973723,left,-1,1,1,0.6526301000267267,833159,001,2026-09-28_21h43.55.313,Palak_Jain_AdaptiveStaircase,,2026.2.3,59.04418099717026,2026-09-28 21h43.55.389405 +0530,
10,0.5,1,17.031822100048885,,,17.01704589999281,17.031822100048885,17.531548400060274,17.531548400060274,17.548368400079198,17.831974599976093,18.250020000035875,left,-1,0,0,0.7045800000196323,833159,001,2026-09-28_21h43.55.313,Palak_Jain_AdaptiveStaircase,,2026.2.3,59.04418099717026,2026-09-28 21h43.55.389405 +0530,
11,0.5,1.5,18.265637299977243,,,18.250518599990755,18.265637299977243,18.765455699991435,18.765455699991435,18.781108899973333,19.064446300035343,19.39972610003315,right,1.5,1,1,0.6302682999521494,833159,001,2026-09-28_21h43.55.313,Palak_Jain_AdaptiveStaircase,,2026.2.3,59.04418099717026,2026-09-28 21h43.55.389405 +0530,
12,0.5,1.5,19.41554640000686,,,19.400151300011203,19.41554640000686,19.916639400064014,19.916639400064014,19.916639400064014,20.215358400018886,20.483151699998416,left,-1.5,1,1,0.561811099993065,833159,001,2026-09-28_21h43.55.313,Palak_Jain_AdaptiveStaircase,,2026.2.3,59.04418099717026,2026-09-28 21h43.55.389405 +0530,
13,0.5,1.5,20.497550299973227,,,20.48364330001641,20.497550299973227,20.998757300083525,20.998757300083525,20.998757300083525,21.314576599979773,21.714180500013754,right,1.5,1,1,0.7036793000297621,833159,001,2026-09-28_21h43.55.313,Palak_Jain_AdaptiveStaircase,,2026.2.3,59.04418099717026,2026-09-28 21h43.55.389405 +0530,
14,0.5,1.0,21.730869400082156,,,21.714444800047204,21.730869400082156,22.21656490000896,22.21656490000896,22.231973699992523,22.516858900082298,22.781692699994892,right,1.0,1,1,0.5587501999689266,833159,001,2026-09-28_21h43.55.313,Palak_Jain_AdaptiveStaircase,,2026.2.3,59.04418099717026,2026-09-28 21h43.55.389405 +0530,
15,0.5,1.0,22.797737200045958,,,22.78204010007903,22.797737200045958,23.282204400049523,23.282204400049523,23.297618100070395,23.5826090000337,23.816903900005855,left,-1.0,1,1,0.5243416000157595,833159,001,2026-09-28_21h43.55.313,Palak_Jain_AdaptiveStaircase,,2026.2.3,59.04418099717026,2026-09-28 21h43.55.389405 +0530,
16,0.5,1.0,23.832516300026327,,,23.81739340000786,23.832516300026327,24.33053400006611,24.33053400006611,24.34814939997159,24.630908800056204,25.181525300024077,left,-1.0,1,1,0.8382539000594988,833159,001,2026-09-28_21h43.55.313,Palak_Jain_AdaptiveStaircase,,2026.2.3,59.04418099717026,2026-09-28 21h43.55.389405 +0530,
17,0.5,1,25.19857420003973,,,25.181847300031222,25.19857420003973,25.68112880003173,25.68112880003173,25.697650899994187,25.98193320003338,26.45030779996887,right,1,0,0,0.7678253999911249,833159,001,2026-09-28_21h43.55.313,Palak_Jain_AdaptiveStaircase,,2026.2.3,59.04418099717026,2026-09-28 21h43.55.389405 +0530,
18,0.5,1.5,26.466719200019725,,,26.451013199985027,26.466719200019725,26.96676129999105,26.96676129999105,26.96676129999105,27.281498900032602,27.617090600077063,right,1.5,0,0,0.6403017999837175,833159,001,2026-09-28_21h43.55.313,Palak_Jain_AdaptiveStaircase,,2026.2.3,59.04418099717026,2026-09-28 21h43.55.389405 +0530,
19,0.5,2.0,27.631307500065304,,,27.6176293999888,27.631307500065304,28.132764299982227,28.132764299982227,28.132764299982227,28.432033500052057,28.69767620007042,left,-2.0,1,1,0.5541536000091583,833159,001,2026-09-28_21h43.55.313,Palak_Jain_AdaptiveStaircase,,2026.2.3,59.04418099717026,2026-09-28 21h43.55.389405 +0530,
20,0.5,2.0,28.714283199980855,,,28.69794720003847,28.714283199980855,29.199434300069697,29.199434300069697,29.21595390001312,29.499463299987838,30.034108499996364,right,2.0,1,1,0.8233419000171125,833159,001,2026-09-28_21h43.55.313,Palak_Jain_AdaptiveStaircase,,2026.2.3,59.04418099717026,2026-09-28 21h43.55.389405 +0530,
21,0.5,2.0,30.047998000052758,,,30.034753100015223,30.047998000052758,30.549159300047904,30.549159300047904,30.549159300047904,30.863378099980764,31.048362100031227,left,-2.0,1,1,0.48546730005182326,833159,001,2026-09-28_21h43.55.313,Palak_Jain_AdaptiveStaircase,,2026.2.3,59.04418099717026,2026-09-28 21h43.55.389405 +0530,
22,0.5,1.5,31.064315999974497,,,31.048713800031692,31.064315999974497,31.563479500007816,31.563479500007816,31.563479500007816,31.86307439999655,31.99677770002745,left,-1.5,1,1,0.4198413999984041,833159,001,2026-09-28_21h43.55.313,Palak_Jain_AdaptiveStaircase,,2026.2.3,59.04418099717026,2026-09-28 21h43.55.389405 +0530,
23,0.5,1.5,32.01278520002961,,,31.996922999969684,32.01278520002961,32.49658689997159,32.49658689997159,32.513434200081974,32.79871760006063,33.03394540003501,left,-1.5,1,1,0.5247484999708831,833159,001,2026-09-28_21h43.55.313,Palak_Jain_AdaptiveStaircase,,2026.2.3,59.04418099717026,2026-09-28 21h43.55.389405 +0530,
24,0.5,1.5,33.04787120001856,,,33.03437650005799,33.04787120001856,33.54853730008472,33.54853730008472,33.54853730008472,33.84753779997118,34.0666153000202,left,-1.5,1,1,0.513516700011678,833159,001,2026-09-28_21h43.55.313,Palak_Jain_AdaptiveStaircase,,2026.2.3,59.04418099717026,2026-09-28 21h43.55.389405 +0530,
25,0.5,1.0,34.08231389999855,,,34.0671113000717,34.08231389999855,34.58116539998446,34.58116539998446,34.58116539998446,34.88281199999619,35.16593150002882,left,-1.0,1,1,0.575668300036341,833159,001,2026-09-28_21h43.55.313,Palak_Jain_AdaptiveStaircase,,2026.2.3,59.04418099717026,2026-09-28 21h43.55.389405 +0530,
26,0.5,1.0,35.18083329999354,,,35.16628310002852,35.18083329999354,35.66564500005916,35.66564500005916,35.682436599978246,35.965216299984604,36.08279060001951,left,-1.0,1,1,0.39978510001674294,833159,001,2026-09-28_21h43.55.313,Palak_Jain_AdaptiveStaircase,,2026.2.3,59.04418099717026,2026-09-28 21h43.55.389405 +0530,
27,0.5,1.0,36.10023980005644,,,36.083211999968626,36.10023980005644,36.58088620007038,36.58088620007038,36.61403990001418,36.88425650005229,37.23458410007879,right,1.0,0,0,0.6497808999847621,833159,001,2026-09-28_21h43.55.313,Palak_Jain_AdaptiveStaircase,,2026.2.3,59.04418099717026,2026-09-28 21h43.55.389405 +0530,
28,0.5,1.5,37.24938930000644,,,37.235154499998316,37.24938930000644,37.74995179998223,37.74995179998223,37.74995179998223,38.04922510008328,38.20145950000733,right,1.5,1,1,0.4449707999592647,833159,001,2026-09-28_21h43.55.313,Palak_Jain_AdaptiveStaircase,,2026.2.3,59.04418099717026,2026-09-28 21h43.55.389405 +0530,
29,0.5,1.5,38.214319800026715,,,38.202078900067136,38.214319800026715,38.71480070007965,38.71480070007965,38.71480070007965,39.01413510006387,39.31506789999548,right,1.5,1,1,0.5877728998893872,833159,001,2026-09-28_21h43.55.313,Palak_Jain_AdaptiveStaircase,,2026.2.3,59.04418099717026,2026-09-28 21h43.55.389405 +0530,
30,0.5,1.5,39.33035040006507,,,39.315386199974455,39.33035040006507,39.81452600006014,39.81452600006014,39.8307035000762,40.116645400063135,40.43076000001747,left,-1.5,1,1,0.6052985999267548,833159,001,2026-09-28_21h43.55.313,Palak_Jain_AdaptiveStaircase,,2026.2.3,59.04418099717026,2026-09-28 21h43.55.389405 +0530,
31,0.5,1.0,40.44623510004021,,,40.43098110007122,40.44623510004021,40.93091470003128,40.93091470003128,40.948713900055736,41.23174670001026,41.81600009999238,right,1.0,0,0,0.8771620000479743,833159,001,2026-09-28_21h43.55.313,Palak_Jain_AdaptiveStaircase,,2026.2.3,59.04418099717026,2026-09-28 21h43.55.389405 +0530,
32,0.5,1.5,41.831880400073715,,,41.81644530000631,41.831880400073715,42.314616100047715,42.314616100047715,42.33189809997566,42.61588759999722,43.01685900008306,right,1.5,1,1,0.6939117000438273,833159,001,2026-09-28_21h43.55.313,Palak_Jain_AdaptiveStaircase,,2026.2.3,59.04418099717026,2026-09-28 21h43.55.389405 +0530,
33,0.5,1.5,43.03271980001591,,,43.01734410005156,43.03271980001591,43.516014600056224,43.516014600056224,43.531302500050515,43.81593919999432,44.1981968000764,left,-1.5,1,1,0.6788878999650478,833159,001,2026-09-28_21h43.55.313,Palak_Jain_AdaptiveStaircase,,2026.2.3,59.04418099717026,2026-09-28 21h43.55.389405 +0530,
34,0.5,1.5,44.21392060001381,,,44.19850810000207,44.21392060001381,44.69803369999863,44.69803369999863,44.714513699989766,44.99933909997344,45.7167929999996,right,1.5,1,1,1.005690100020729,833159,001,2026-09-28_21h43.55.313,Palak_Jain_AdaptiveStaircase,,2026.2.3,59.04418099717026,2026-09-28 21h43.55.389405 +0530,
35,0.5,1.0,45.732073400053196,,,45.71712539996952,45.732073400053196,46.23279939999338,46.23279939999338,46.23279939999338,46.53205240005627,46.86686090007424,left,-1.0,1,1,0.6264639999717474,833159,001,2026-09-28_21h43.55.313,Palak_Jain_AdaptiveStaircase,,2026.2.3,59.04418099717026,2026-09-28 21h43.55.389405 +0530,
36,0.5,1.0,46.88280889997259,,,46.86731860006694,46.88280889997259,47.38264790002722,47.38264790002722,47.397871599998325,47.680873000063,48.08255499997176,right,1.0,0,0,0.6830897000618279,833159,001,2026-09-28_21h43.55.313,Palak_Jain_AdaptiveStaircase,,2026.2.3,59.04418099717026,2026-09-28 21h43.55.389405 +0530,
37,0.5,1.5,48.098413300001994,,,48.082984299981035,48.098413300001994,48.59747270005755,48.59747270005755,48.59747270005755,48.89947750000283,49.1156336000422,left,-1.5,1,1,0.5115212999517098,833159,001,2026-09-28_21h43.55.313,Palak_Jain_AdaptiveStaircase,,2026.2.3,59.04418099717026,2026-09-28 21h43.55.389405 +0530,
38,0.5,1.5,49.132999400026165,,,49.11601120000705,49.132999400026165,49.63072490005288,49.63072490005288,49.64812320005149,49.930747400037944,50.41661610000301,right,1.5,0,0,0.768934000050649,833159,001,2026-09-28_21h43.55.313,Palak_Jain_AdaptiveStaircase,,2026.2.3,59.04418099717026,2026-09-28 21h43.55.389405 +0530,
39,0.5,2.0,50.4331961000571,,,50.41717550007161,50.4331961000571,50.914477700018324,50.914477700018324,50.94736670004204,51.21625290007796,51.48157980001997,right,2.0,0,0,0.5635557000059634,833159,001,2026-09-28_21h43.55.313,Palak_Jain_AdaptiveStaircase,,2026.2.3,59.04418099717026,2026-09-28 21h43.55.389405 +0530,
40,0.5,2.5,51.4974381000502,,,51.48187840008177,51.4974381000502,51.98133249999955,51.98133249999955,51.99809660005849,52.28097910003271,52.48437730001751,right,2.5,1,1,0.4954185000387952,833159,001,2026-09-28_21h43.55.313,Palak_Jain_AdaptiveStaircase,,2026.2.3,59.04418099717026,2026-09-28 21h43.55.389405 +0530,
41,0.5,2.5,52.49845020007342,,,52.485024200053886,52.49845020007342,52.99776020005811,52.99776020005811,52.99776020005811,53.29751180007588,53.61567480000667,left,-2.5,1,1,0.6121938999276608,833159,001,2026-09-28_21h43.55.313,Palak_Jain_AdaptiveStaircase,,2026.2.3,59.04418099717026,2026-09-28 21h43.55.389405 +0530,
42,0.5,2.5,53.63109699997585,,,53.61602159996983,53.63109699997585,54.116121700033545,54.116121700033545,54.132715700077824,54.43171200004872,54.73238070006482,right,2.5,1,1,0.6125911000417545,833159,001,2026-09-28_21h43.55.313,Palak_Jain_AdaptiveStaircase,,2026.2.3,59.04418099717026,2026-09-28 21h43.55.389405 +0530,
43,0.5,2.0,54.74914099997841,,,54.732781999977306,54.74914099997841,55.24786840006709,55.24786840006709,55.26536570000462,55.54946840007324,55.59907800005749,right,2.0,0,0,0.3376488999929279,833159,001,2026-09-28_21h43.55.313,Palak_Jain_AdaptiveStaircase,,2026.2.3,59.04418099717026,2026-09-28 21h43.55.389405 +0530,
44,0.5,2.5,55.61408189998474,,,55.59940609999467,55.61408189998474,56.11442440003157,56.11442440003157,56.11442440003157,56.416221700026654,56.78193920000922,left,-2.5,0,0,0.6560329999774694,833159,001,2026-09-28_21h43.55.313,Palak_Jain_AdaptiveStaircase,,2026.2.3,59.04418099717026,2026-09-28 21h43.55.389405 +0530,
45,0.5,3.0,56.79739030008204,,,56.78231370006688,56.79739030008204,57.28260410006624,57.28260410006624,57.29794750001747,57.596802800078876,58.06666250003036,left,-3.0,1,1,0.7805709999520332,833159,001,2026-09-28_21h43.55.313,Palak_Jain_AdaptiveStaircase,,2026.2.3,59.04418099717026,2026-09-28 21h43.55.389405 +0530,
46,0.5,3.0,58.081286899978295,,,58.06709220004268,58.081286899978295,58.566113500040956,58.566113500040956,58.58220890001394,58.881765700061806,59.33330749999732,left,-3.0,1,1,0.7639148999005556,833159,001,2026-09-28_21h43.55.313,Palak_Jain_AdaptiveStaircase,,2026.2.3,59.04418099717026,2026-09-28 21h43.55.389405 +0530,
47,0.5,3.0,59.34944690007251,,,59.33379160007462,59.34944690007251,59.831443000002764,59.831443000002764,59.8646022999892,60.13159860006999,60.765907300054096,left,-3.0,1,1,0.9290768000064418,833159,001,2026-09-28_21h43.55.313,Palak_Jain_AdaptiveStaircase,,2026.2.3,59.04418099717026,2026-09-28 21h43.55.389405 +0530,
48,0.5,2.5,60.78258520003874,,,60.76634319999721,60.78258520003874,61.26450080005452,61.26450080005452,61.29774599999655,61.56385100004263,62.18179920001421,left,-2.5,1,1,0.9009666999336332,833159,001,2026-09-28_21h43.55.313,Palak_Jain_AdaptiveStaircase,,2026.2.3,59.04418099717026,2026-09-28 21h43.55.389405 +0530,
49,0.5,2.5,62.197457000031136,,,62.18211070005782,62.197457000031136,62.69775709998794,62.69775709998794,62.69775709998794,62.997897700057365,63.532536300015636,right,2.5,1,1,0.8256316999904811,833159,001,2026-09-28_21h43.55.313,Palak_Jain_AdaptiveStaircase,,2026.2.3,59.04418099717026,2026-09-28 21h43.55.389405 +0530,
50,0.5,2.5,63.54711739998311,,,63.53282990003936,63.54711739998311,64.03259319998324,64.03259319998324,64.04820600000676,64.34695979999378,64.5640943000326,left,-2.5,1,1,0.5167327999370173,833159,001,2026-09-28_21h43.55.313,Palak_Jain_AdaptiveStaircase,,2026.2.3,59.04418099717026,2026-09-28 21h43.55.389405 +0530,
51,0.5,2.0,64.58001300005708,,,64.56429410004057,64.58001300005708,65.0645688000368,65.0645688000368,65.08050430007279,65.36583740008064,65.83194479998201,left,-2.0,1,1,0.7611169000156224,833159,001,2026-09-28_21h43.55.313,Palak_Jain_AdaptiveStaircase,,2026.2.3,59.04418099717026,2026-09-28 21h43.55.389405 +0530,
52,0.5,2.0,65.84769570000935,,,65.83228730002884,65.84769570000935,66.33277450001333,66.33277450001333,66.348642500001,66.63189509999938,67.01495860004798,right,2.0,1,1,0.6796074999729171,833159,001,2026-09-28_21h43.55.313,Palak_Jain_AdaptiveStaircase,,2026.2.3,59.04418099717026,2026-09-28 21h43.55.389405 +0530,
53,0.5,2.0,67.03101300005801,,,67.0152712999843,67.03101300005801,67.51413310004864,67.51413310004864,67.53064890007954,67.81477840000298,68.0997905000113,left,-2.0,1,1,0.5782290000934154,833159,001,2026-09-28_21h43.55.313,Palak_Jain_AdaptiveStaircase,,2026.2.3,59.04418099717026,2026-09-28 21h43.55.389405 +0530,
54,0.5,1.5,68.11467590008397,,,68.10011980007403,68.11467590008397,68.5975269000046,68.5975269000046,68.61404260003474,68.8986008000793,69.13357349997386,right,1.5,1,1,0.5225189999910071,833159,001,2026-09-28_21h43.55.313,Palak_Jain_AdaptiveStaircase,,2026.2.3,59.04418099717026,2026-09-28 21h43.55.389405 +0530,
55,0.5,1.5,69.14954440004658,,,69.13405230001081,69.14954440004658,69.64758920005988,69.64758920005988,69.66448480007239,69.94815690000542,70.01664430007804,right,1.5,0,0,0.3611572999507189,833159,001,2026-09-28_21h43.55.313,Palak_Jain_AdaptiveStaircase,,2026.2.3,59.04418099717026,2026-09-28 21h43.55.389405 +0530,
56,0.5,2.0,70.03087230003439,,,70.01708100002725,70.03087230003439,70.5327219000319,70.5327219000319,70.5327219000319,70.85027170006651,71.36373650003225,right,2.0,1,1,0.8260490000247955,833159,001,2026-09-28_21h43.55.313,Palak_Jain_AdaptiveStaircase,,2026.2.3,59.04418099717026,2026-09-28 21h43.55.389405 +0530,
57,0.5,2.0,71.37996360007674,,,71.36390930006746,71.37996360007674,71.86472610000055,71.86472610000055,71.88241920003202,72.16593370004557,72.43477679998614,left,-2.0,1,1,0.5541100999107584,833159,001,2026-09-28_21h43.55.313,Palak_Jain_AdaptiveStaircase,,2026.2.3,59.04418099717026,2026-09-28 21h43.55.389405 +0530,
58,0.5,2.0,72.44939770002384,,,72.43534620001446,72.44939770002384,72.9494361000834,72.9494361000834,72.9494361000834,73.24820320005529,73.55051870003808,left,-2.0,1,1,0.593228799989447,833159,001,2026-09-28_21h43.55.313,Palak_Jain_AdaptiveStaircase,,2026.2.3,59.04418099717026,2026-09-28 21h43.55.389405 +0530,
59,0.5,1.5,73.56614000000991,,,73.55108010000549,73.56614000000991,74.06563059997279,74.06563059997279,74.06563059997279,74.36686080007348,74.83111700008158,right,1.5,1,1,0.757126999902539,833159,001,2026-09-28_21h43.55.313,Palak_Jain_AdaptiveStaircase,,2026.2.3,59.04418099717026,2026-09-28 21h43.55.389405 +0530,
60,0.5,1.5,74.84812520002015,,,74.83137779997196,74.84812520002015,75.33242760004941,75.33242760004941,75.3476450999733,75.64934100001119,75.78428839996923,right,1.5,0,0,0.44792900001630187,833159,001,2026-09-28_21h43.55.313,Palak_Jain_AdaptiveStaircase,,2026.2.3,59.04418099717026,2026-09-28 21h43.55.389405 +0530,
61,0.5,2.0,75.79767720005475,,,75.78492190001998,75.79767720005475,76.29795799998101,76.29795799998101,76.29795799998101,76.59934900002554,76.99902260000817,right,2.0,0,0,0.6982504000188783,833159,001,2026-09-28_21h43.55.313,Palak_Jain_AdaptiveStaircase,,2026.2.3,59.04418099717026,2026-09-28 21h43.55.389405 +0530,
62,0.5,2.5,77.01442670007236,,,76.99936570005957,77.01442670007236,77.49855650006793,77.49855650006793,77.51445949997287,77.80012140003964,78.0828019999899,left,-2.5,1,1,0.5815511000109836,833159,001,2026-09-28_21h43.55.313,Palak_Jain_AdaptiveStaircase,,2026.2.3,59.04418099717026,2026-09-28 21h43.55.389405 +0530,
63,0.5,2.5,78.09893560002092,,,78.08326390001457,78.09893560002092,78.5821415000828,78.5821415000828,78.59772269998211,78.88105279998854,79.16606419999152,left,-2.5,1,1,0.5752737999428064,833159,001,2026-09-28_21h43.55.313,Palak_Jain_AdaptiveStaircase,,2026.2.3,59.04418099717026,2026-09-28 21h43.55.389405 +0530,
64,0.5,2.5,79.18114370002877,,,79.16641700000037,79.18114370002877,79.68171550007537,79.68171550007537,79.68171550007537,79.98224979999941,80.13158000004478,left,-2.5,1,1,0.4328838000074029,833159,001,2026-09-28_21h43.55.313,Palak_Jain_AdaptiveStaircase,,2026.2.3,59.04418099717026,2026-09-28 21h43.55.389405 +0530,
65,0.5,2.0,80.1490264000604,,,80.13188540004194,80.1490264000604,80.63203610002529,80.63203610002529,80.64839129999746,80.93355239997618,80.9651351000648,left,-2.0,1,1,0.33183729997836053,833159,001,2026-09-28_21h43.55.313,Palak_Jain_AdaptiveStaircase,,2026.2.3,59.04418099717026,2026-09-28 21h43.55.389405 +0530,
66,0.5,2.0,80.98079780000262,,,80.96547140006442,80.98079780000262,81.46618960006163,81.46618960006163,81.48286029999144,81.7661497000372,81.85085420007817,left,-2.0,1,1,0.38343540008645505,833159,001,2026-09-28_21h43.55.313,Palak_Jain_AdaptiveStaircase,,2026.2.3,59.04418099717026,2026-09-28 21h43.55.389405 +0530,
67,0.5,2.0,81.86427290004212,,,81.85152390005533,81.86427290004212,82.36559160007164,82.36559160007164,82.36559160007164,82.68259920005221,82.6980576000642,right,2.0,0,0,0.33018189994618297,833159,001,2026-09-28_21h43.55.313,Palak_Jain_AdaptiveStaircase,,2026.2.3,59.04418099717026,2026-09-28 21h43.55.389405 +0530,
68,0.5,2.5,82.71429550007451,,,82.69830819999333,82.71429550007451,83.1976990000112,83.1976990000112,83.21441150002647,83.49781369999982,83.84875490004197,left,-2.5,1,1,0.6502477000467479,833159,001,2026-09-28_21h43.55.313,Palak_Jain_AdaptiveStaircase,,2026.2.3,59.04418099717026,2026-09-28 21h43.55.389405 +0530,
69,0.5,2.5,83.86582439998165,,,83.84914010006469,83.86582439998165,84.36324690002948,84.36324690002948,84.38024710002355,84.66638960002456,84.83297570003197,left,-2.5,1,1,0.46569019998423755,833159,001,2026-09-28_21h43.55.313,Palak_Jain_AdaptiveStaircase,,2026.2.3,59.04418099717026,2026-09-28 21h43.55.389405 +0530,
70,0.5,2.5,84.84846670005936,,,84.83340850006789,84.84846670005936,85.34857949998695,85.34857949998695,85.34857949998695,85.64769170002546,85.73420830001123,left,-2.5,1,1,0.3717008999083191,833159,001,2026-09-28_21h43.55.313,Palak_Jain_AdaptiveStaircase,,2026.2.3,59.04418099717026,2026-09-28 21h43.55.389405 +0530,
71,0.5,2.0,85.74827830004506,,,85.73470570007339,85.74827830004506,86.24928400001954,86.24928400001954,86.24928400001954,86.54962980002165,86.99920020007994,right,2.0,0,0,0.7448174000019208,833159,001,2026-09-28_21h43.55.313,Palak_Jain_AdaptiveStaircase,,2026.2.3,59.04418099717026,2026-09-28 21h43.55.389405 +0530,
72,0.5,2.5,87.01650869997684,,,86.99963590002153,87.01650869997684,87.49973340006545,87.49973340006545,87.5148293999955,87.81532360007986,88.13231840007938,left,-2.5,1,1,0.6179007000755519,833159,001,2026-09-28_21h43.55.313,Palak_Jain_AdaptiveStaircase,,2026.2.3,59.04418099717026,2026-09-28 21h43.55.389405 +0530,
73,0.5,2.5,88.14789010002278,,,88.13266520004254,88.14789010002278,88.63205370004289,88.63205370004289,88.6495120000327,88.93155870004557,89.36533399997279,right,2.5,1,1,0.7172007999615744,833159,001,2026-09-28_21h43.55.313,Palak_Jain_AdaptiveStaircase,,2026.2.3,59.04418099717026,2026-09-28 21h43.55.389405 +0530,
74,0.5,2.5,89.3820150999818,,,89.36568020004779,89.3820150999818,89.86582690000068,89.86582690000068,89.88233809999656,90.18157420004718,90.36470280005597,left,-2.5,1,1,0.482833500020206,833159,001,2026-09-28_21h43.55.313,Palak_Jain_AdaptiveStaircase,,2026.2.3,59.04418099717026,2026-09-28 21h43.55.389405 +0530,
75,0.5,2.0,90.38093049998861,,,90.36497940006666,90.38093049998861,90.86433110001963,90.86433110001963,90.88207150006201,91.1659886999987,91.50140509998892,left,-2.0,1,1,0.6270766999805346,833159,001,2026-09-28_21h43.55.313,Palak_Jain_AdaptiveStaircase,,2026.2.3,59.04418099717026,2026-09-28 21h43.55.389405 +0530,
76,0.5,2.0,91.51586160005536,,,91.50205650005955,91.51586160005536,92.01616100000683,92.01616100000683,92.01616100000683,92.31420250004157,92.35000830003992,right,2.0,0,0,0.32270539994351566,833159,001,2026-09-28_21h43.55.313,Palak_Jain_AdaptiveStaircase,,2026.2.3,59.04418099717026,2026-09-28 21h43.55.389405 +0530,
77,0.5,2.5,92.36447430006228,,,92.35039510007482,92.36447430006228,92.86695459997281,92.86695459997281,92.86695459997281,93.18119839997962,93.19950610003434,right,2.5,1,1,0.3150370999937877,833159,001,2026-09-28_21h43.55.313,Palak_Jain_AdaptiveStaircase,,2026.2.3,59.04418099717026,2026-09-28 21h43.55.389405 +0530,
78,0.5,2.5,93.21435050002765,,,93.199919900042,93.21435050002765,93.71483700000681,93.71483700000681,93.71483700000681,94.01669740001671,94.09975110006053,left,-2.5,1,1,0.37855310004670173,833159,001,2026-09-28_21h43.55.313,Palak_Jain_AdaptiveStaircase,,2026.2.3,59.04418099717026,2026-09-28 21h43.55.389405 +0530,
79,0.5,2.5,94.11409599997569,,,94.10017800005153,94.11409599997569,94.61457109998446,94.61457109998446,94.61457109998446,94.91608850006014,95.3337936999742,right,2.5,1,1,0.7145203000400215,833159,001,2026-09-28_21h43.55.313,Palak_Jain_AdaptiveStaircase,,2026.2.3,59.04418099717026,2026-09-28 21h43.55.389405 +0530,
80,0.5,2.0,95.34933009999804,,,95.33428539999295,95.34933009999804,95.85016120004002,95.85016120004002,95.85016120004002,96.15029020002112,96.23086180002429,right,2.0,0,0,0.3642486999742687,833159,001,2026-09-28_21h43.55.313,Palak_Jain_AdaptiveStaircase,,2026.2.3,59.04418099717026,2026-09-28 21h43.55.389405 +0530,
81,0.5,2.5,96.24732600001153,,,96.23107850004453,96.24732600001153,96.74709880002774,96.74709880002774,96.74709880002774,97.04983340005856,97.13118170003872,left,-2.5,0,0,0.37405510002281517,833159,001,2026-09-28_21h43.55.313,Palak_Jain_AdaptiveStaircase,,2026.2.3,59.04418099717026,2026-09-28 21h43.55.389405 +0530,
82,0.5,3.0,97.14772040001117,,,97.1314484999748,97.14772040001117,97.62988909997512,97.62988909997512,97.66356190002989,97.9329864999745,98.45004959998187,right,3.0,0,0,0.8069299999624491,833159,001,2026-09-28_21h43.55.313,Palak_Jain_AdaptiveStaircase,,2026.2.3,59.04418099717026,2026-09-28 21h43.55.389405 +0530,
83,0.5,3.5,98.46381600003224,,,98.45051440002862,98.46381600003224,98.9652197000105,98.9652197000105,98.9652197000105,99.26396220002789,99.40361110004596,left,-3.5,1,1,0.4342259999830276,833159,001,2026-09-28_21h43.55.313,Palak_Jain_AdaptiveStaircase,,2026.2.3,59.04418099717026,2026-09-28 21h43.55.389405 +0530,
84,0.5,3.5,99.41893300006632,,,99.40425230003893,99.41893300006632,99.91381060006097,99.91381060006097,99.93011740001384,100.21363870007917,100.2488359999843,left,-3.5,1,1,0.3288685999577865,833159,001,2026-09-28_21h43.55.313,Palak_Jain_AdaptiveStaircase,,2026.2.3,59.04418099717026,2026-09-28 21h43.55.389405 +0530,
85,0.5,3.5,100.26429940003436,,,100.249146200018,100.26429940003436,100.74972349999007,100.74972349999007,100.76710090006236,101.04773920006119,101.1504460000433,right,3.5,0,0,0.38885109999682754,833159,001,2026-09-28_21h43.55.313,Palak_Jain_AdaptiveStaircase,,2026.2.3,59.04418099717026,2026-09-28 21h43.55.389405 +0530,
86,0.5,4.0,101.16595230007078,,,101.15093980007805,101.16595230007078,101.66421159997117,101.66421159997117,101.68217220006045,101.96431409998331,101.99741190008353,right,4.0,0,0,0.3276627999730408,833159,001,2026-09-28_21h43.55.313,Palak_Jain_AdaptiveStaircase,,2026.2.3,59.04418099717026,2026-09-28 21h43.55.389405 +0530,
87,0.5,4.5,102.0135750999907,,,101.99764910002705,102.0135750999907,102.49846829997841,102.49846829997841,102.51652740000281,102.79944680002518,102.9345997000346,left,-4.5,1,1,0.41967910004314035,833159,001,2026-09-28_21h43.55.313,Palak_Jain_AdaptiveStaircase,,2026.2.3,59.04418099717026,2026-09-28 21h43.55.389405 +0530,
88,0.5,4.5,102.94873679999728,,,102.93519750004634,102.94873679999728,103.44870720000472,103.44870720000472,103.44870720000472,103.74746490002144,103.78201990004163,left,-4.5,1,1,0.32614459993783385,833159,001,2026-09-28_21h43.55.313,Palak_Jain_AdaptiveStaircase,,2026.2.3,59.04418099717026,2026-09-28 21h43.55.389405 +0530,
89,0.5,4.5,103.79791610001121,,,103.78236080007628,103.79791610001121,104.28086559998337,104.28086559998337,104.29768449999392,104.58275419997517,104.56758849998005,right,4.5,0,0,0.27008599997498095,833159,001,2026-09-28_21h43.55.313,Palak_Jain_AdaptiveStaircase,,2026.2.3,59.04418099717026,2026-09-28 21h43.55.389405 +0530,
90,0.5,5.0,104.58275419997517,,,104.56814330001362,104.58275419997517,105.08077000000048,105.08077000000048,105.09726080007385,,105.31649800005835,right,5.0,0,0,0.22170919994823635,833159,001,2026-09-28_21h43.55.313,Palak_Jain_AdaptiveStaircase,,2026.2.3,59.04418099717026,2026-09-28 21h43.55.389405 +0530,
91,0.5,5.5,105.33197130006738,,,105.3169413000578,105.33197130006738,105.83051770005841,105.83051770005841,105.84710820007604,106.13194230000954,106.18254469998647,right,5.5,1,1,0.35125750000588596,833159,001,2026-09-28_21h43.55.313,Palak_Jain_AdaptiveStaircase,,2026.2.3,59.04418099717026,2026-09-28 21h43.55.389405 +0530,
92,0.5,5.5,106.19770370004699,,,106.18288430001121,106.19770370004699,106.69660030002706,106.69660030002706,106.69660030002706,106.99734500003979,107.36462330003269,left,-5.5,1,1,0.653477199957706,833159,001,2026-09-28_21h43.55.313,Palak_Jain_AdaptiveStaircase,,2026.2.3,59.04418099717026,2026-09-28 21h43.55.389405 +0530,
93,0.5,5.5,107.3810612000525,,,107.36491440003738,107.3810612000525,107.86517550004646,107.86517550004646,107.88283330004197,108.165960000013,108.40187750000041,left,-5.5,1,1,0.5311299000168219,833159,001,2026-09-28_21h43.55.313,Palak_Jain_AdaptiveStaircase,,2026.2.3,59.04418099717026,2026-09-28 21h43.55.389405 +0530,
94,0.5,5.0,108.4164195000194,,,108.4023725000443,108.4164195000194,108.91458290000446,108.91458290000446,108.93276780005544,109.21690700005274,109.41515420004725,left,-5.0,1,1,0.48735630000010133,833159,001,2026-09-28_21h43.55.313,Palak_Jain_AdaptiveStaircase,,2026.2.3,59.04418099717026,2026-09-28 21h43.55.389405 +0530,
95,0.5,5.0,109.4318197000539,,,109.4154488000786,109.4318197000539,109.91605580004398,109.91605580004398,109.93133930000477,110.21627640002407,110.51694980007596,right,5.0,1,1,0.5952255999436602,833159,001,2026-09-28_21h43.55.313,Palak_Jain_AdaptiveStaircase,,2026.2.3,59.04418099717026,2026-09-28 21h43.55.389405 +0530,
96,0.5,5.0,110.5322140000062,,,110.5173696000129,110.5322140000062,111.03120760002639,111.03120760002639,111.03120760002639,111.33074610005133,111.5670990999788,right,5.0,1,1,0.5346704999683425,833159,001,2026-09-28_21h43.55.313,Palak_Jain_AdaptiveStaircase,,2026.2.3,59.04418099717026,2026-09-28 21h43.55.389405 +0530,
97,0.5,4.5,111.5822592000477,,,111.56758699996863,111.5822592000477,112.0819583000848,112.0819583000848,112.0819583000848,112.3816013999749,112.58302760007791,left,-4.5,1,1,0.4971984000876546,833159,001,2026-09-28_21h43.55.313,Palak_Jain_AdaptiveStaircase,,2026.2.3,59.04418099717026,2026-09-28 21h43.55.389405 +0530,
98,0.5,4.5,112.5985067000147,,,112.58339040004648,112.5985067000147,113.08384540001862,113.08384540001862,113.09785780007951,113.39758330001496,113.59994750004262,left,-4.5,1,1,0.5133296999847516,833159,001,2026-09-28_21h43.55.313,Palak_Jain_AdaptiveStaircase,,2026.2.3,59.04418099717026,2026-09-28 21h43.55.389405 +0530,
99,0.5,4.5,113.61461420007981,,,113.60032880003564,113.61461420007981,114.09854170004837,114.09854170004837,114.11450150003657,114.3986008000793,114.61535219999496,right,4.5,1,1,0.5084415000164881,833159,001,2026-09-28_21h43.55.313,Palak_Jain_AdaptiveStaircase,,2026.2.3,59.04418099717026,2026-09-28 21h43.55.389405 +0530,
